jan_10,jan_11,jan_12,jan_13,jan_14,jan_17,jan_18,jan_19,jan_20,jan_21
2022/1/10,2022/1/11,2022/1/12,2022/1/13,2022/1/14,2022/1/17,2022/1/18,2022/1/19,2022/1/20,2022/1/21
2022/1/10,2022/1/11,2022/1/12,2022/1/13,2022/1/14,2022/1/17,2022/1/18,2022/1/19,2022/1/20,2022/1/21
2022/1/10,2022/1/11,2022/1/12,2022/1/13,2022/1/14,2022/1/17,2022/1/18,2022/1/19,2022/1/20,2022/1/21
2022/1/10,2022/1/11,2022/1/12,2022/1/13,2022/1/14,2022/1/17,2022/1/18,2022/1/19,2022/1/20,2022/1/21
2022/1/10,2022/1/11,2022/1/12,2022/1/13,2022/1/14,2022/1/17,2022/1/18,2022/1/19,2022/1/20,2022/1/21
2022/1/10,2022/1/11,2022/1/12,2022/1/13,2022/1/14,2022/1/17,2022/1/18,2022/1/19,2022/1/20,2022/1/21
2022/1/10,2022/1/11,2022/1/12,2022/1/13,2022/1/14,2022/1/17,2022/1/18,2022/1/19,2022/1/20,2022/1/21
2022/1/10,2022/1/11,2022/1/12,2022/1/13,2022/1/14,2022/1/17,2022/1/18,2022/1/19,2022/1/20,2022/1/21
2022/1/10,2022/1/11,2022/1/12,2022/1/13,2022/1/14,2022/1/17,2022/1/18,2022/1/19,2022/1/20,2022/1/21
2022/1/10,2022/1/11,2022/1/12,2022/1/13,2022/1/14,2022/1/17,2022/1/18,2022/1/19,2022/1/20,2022/1/21
,,,,,,,,,
